threshold,metric,value
0.47000000000000003,acc,0.9337
0.29000000000000004,f1_score,0.9396
0.47000000000000003,prec,0.9343
0.01,recall,0.9835
