threshold,metric,value
0.35000000000000003,acc,0.9846
0.36000000000000004,acc,0.9846
0.37,acc,0.9846
0.38,acc,0.9846
0.39,acc,0.9846
0.35000000000000003,f1_score,0.9863
0.36000000000000004,f1_score,0.9863
0.35000000000000003,prec,0.9846
0.36000000000000004,prec,0.9846
0.37,prec,0.9846
0.38,prec,0.9846
0.39,prec,0.9846
0.01,recall,0.9989
