threshold,metric,value
0.15000000000000002,acc,0.9375
0.05,f1_score,0.9518
0.15000000000000002,prec,0.9629
0.01,recall,0.963
