threshold,metric,value
0.11,acc,0.5408
0.11,f1_score,0.6676
0.35000000000000003,prec,0.9138
0.36000000000000004,prec,0.9138
0.41000000000000003,prec,0.9138
0.42000000000000004,prec,0.9138
0.43,prec,0.9138
0.44,prec,0.9138
0.45,prec,0.9138
0.46,prec,0.9138
0.47000000000000003,prec,0.9138
0.49,prec,0.9138
0.5,prec,0.9138
0.01,recall,0.5742
