accuracy,f1,precision,recall,n
0.7321998747851878,0.7564804503205294,0.73447425239262,0.8019857142320272,4789662
