accuracy,f1,precision,recall,n
0.8216722460433618,0.8436382497620205,0.827662334696787,0.8780129996646945,4789662
