accuracy,f1,precision,recall,n
0.8283063432562601,0.8492882657048579,0.834111241388914,0.8801722334477882,4789662
