accuracy,f1,precision,recall,n
0.740260882012131,0.7553228877755828,0.7411057224204913,0.7809666945183188,4789662
