accuracy,f1,precision,recall,n
0.7308833333333344,0.755236666666672,0.7332333333333345,0.8011,10000
