accuracy,f1,precision,recall,n
0.29045834015535077,0.2974663097808249,0.29098932689515555,0.3103463716056876,1105489
