accuracy,f1,precision,recall,n
0.8108105704051842,0.8188509941454251,0.8132230774495786,0.8318734967059827,1105489
