accuracy,f1,precision,recall,n
0.30310833333333354,0.30974333333333554,0.30340833333333356,0.321,10000
