accuracy,f1,precision,recall,n
0.282866666666667,0.2897466666666674,0.28321666666666695,0.30255,10000
