accuracy,f1,precision,recall,n
0.8121524351063493,0.8198545620993618,0.8159313058142432,0.8292452480305096,1105489
