accuracy,f1,precision,recall,n
0.866331475633143,0.8747486104950856,0.8663663018503192,0.8882521671405142,1105489
