accuracy,f1,precision,recall,n
0.30956881223300103,0.3162307962056857,0.31004145375182185,0.32737593951635885,1105489
