accuracy,f1,precision,recall,n
0.698,0.7002833333333346,0.70485,0.698,10000
