accuracy,f1,precision,recall,n
0.9740188416205483,0.9767818576754478,0.9823078897879937,0.9740188416205483,4000399
