accuracy,f1,precision,recall,n
0.6747634423466259,0.6774481328819024,0.6828166390402557,0.6747643172593534,4000399
