accuracy,f1,precision,recall,n
0.8515219356869153,0.8544324786928709,0.8602533147318555,0.8515221856619802,4000399
