accuracy,f1,precision,recall,n
0.6952393998698629,0.697519547424935,0.7020798425357071,0.6952393998698629,4000399
