accuracy,f1,precision,recall,n
0.8552275660502865,0.85823318290593,0.8642431667441173,0.8552288159256114,4000399
