accuracy,f1,precision,recall,n
0.67305,0.6759333333333346,0.6817,0.67305,10000
