accuracy,f1,precision,recall,n
0.9362083333333355,0.9556999999999984,0.9362083333333355,0.989,2000
