accuracy,f1,precision,recall,n
0.8584166666666675,0.8666833333333319,0.8584166666666675,0.87975,2000
