accuracy,f1,precision,recall,n
0.7371083333333367,0.7522400000000048,0.7379583333333367,0.77795,10000
