accuracy,f1,precision,recall,n
0.9379609493637812,0.957804510344256,0.9380589729821516,0.9918830389284254,4789662
