accuracy,f1,precision,recall,n
0.9516666666666667,0.9653333333333333,0.9516666666666667,0.99,100
