accuracy,f1,precision,recall,n
0.8608166666666697,0.8692333333333345,0.8609166666666697,0.8827,10000
