accuracy,f1,precision,recall,n
0.8400000000000002,0.8439999999999999,0.8400000000000002,0.85,100
