threshold,metric,value
0.18000000000000002,acc,0.9017
0.18000000000000002,f1_score,0.9351
0.37,prec,0.9887
0.01,recall,0.9166
