threshold,metric,value
0.48000000000000004,acc,0.9213
0.3,f1_score,0.9306
0.48000000000000004,prec,0.9365
0.01,recall,0.9658
