threshold,metric,value
0.36000000000000004,acc,0.9846
0.37,acc,0.9846
0.38,acc,0.9846
0.36000000000000004,f1_score,0.9862
0.37,f1_score,0.9862
0.38,f1_score,0.9862
0.36000000000000004,prec,0.9846
0.37,prec,0.9846
0.38,prec,0.9846
0.01,recall,0.9986
0.02,recall,0.9986
