threshold,metric,value
0.47000000000000003,acc,0.9563
0.23,f1_score,0.9646
0.47000000000000003,prec,0.9619
0.01,recall,0.9898
